Bille A;Bille B;Bille C;Bille D;Bille E;
Distance en Z,Intensité;Distance en Z,Intensité;Distance en Z,Intensité;Distance en Z,Intensité;Distance en Z,Intensité
1,0.04242;1,0.04545;1,0.04167;1,0.07143;1,0.09286
2,0.20606;2,0.17045;2,0.20139;2,0.10714;2,0.32143
3,0.46061;3,0.47159;3,0.62500;3,0.42262;3,0.82857
4,1.36364;4,1.34091;4,1.54861;4,1.27976;4,3.22857
5,0.47273;5,0.51136;5,0.59028;5,0.55357;5,1.22857
6,0.14545;6,0.09659;6,0.19444;6,0.13690;6,0.32143
7,0.05455;7,0.04545;7,0.05556;7,0.02381;7,0.06429
